Kategorie|Thema|Kuriositaet|Hintergrund|Quelle
Autoren-Macken|Agatha Christie|Schrieb in der Badewanne|Die berühmte Krimi-Autorin entwickelte die Plots für ihre Mordfälle am liebsten beim Essen von Äpfeln in einer großen Badewanne.|https://quoteinvestigator.com
Autoren-Macken|Charles Dickens|Nördliche Ausrichtung|Dickens konnte nur schreiben oder schlafen, wenn sein Bett und sein Schreibtisch exakt nach Norden ausgerichtet waren. Er glaubte, dies stärke seine Kreativität.|https://upworthy.com
Autoren-Macken|Friedrich Schiller|Verfaulte Äpfel|Schiller brauchte den Geruch von verfaulenden Äpfeln in seiner Schreibtischschublade, um in Schreibstimmung zu kommen.|https://therumpus.net
Autoren-Macken|Colette|Flöhe fangen|Die französische Schriftstellerin Colette begann ihren Arbeitstag erst, nachdem sie ihren Hund gründlich nach Flöhen abgesucht hatte.|https://storey-lines.com
Autoren-Macken|Honoré de Balzac|Kaffeesucht|Balzac trank während seiner nächtlichen Schreibphasen bis zu 50 Tassen Kaffee am Tag, was zu schweren Magenproblemen führte.|https://bang2write.com
Autoren-Macken|Stephen King|Vergessene Romane|King kann sich aufgrund massiver Suchtprobleme in den 1980er Jahren kaum daran erinnern, den kompletten Roman Cujo geschrieben zu haben.|https://wikipedia.org
Bücher-Rekorde|Der Herr der Ringe|Zusammenhängendes Werk|J.R.R. Tolkien plante das Werk nie als Trilogie, sondern als ein einziges Buch. Der Verlag teilte es aus Papiermangel nach dem Weltkrieg auf.|https://wikipedia.org
Bücher-Rekorde|Gadsby|Roman ohne E|Der Roman Gadsby (1939) von Ernest Vincent Wright enthält auf über 50.000 Wörtern kein einziges Mal den Buchstaben E.|https://abebooks.com
Bücher-Rekorde|La Disparition|Französisches Lipogramm|Georges Perec schrieb einen kompletten Roman ohne den Buchstaben E, der im Französischen der häufigste Buchstabe ist.|https://lustauflesen.de
Bücher-Rekorde|In Search of Lost Time|Längster Satz|Marcel Proust hält einen Rekord für einen der längsten Sätze der Weltliteratur: Ein Satz in seinem Werk umfasst im Original 847 Wörter.|https://discoverwalks.com
Bücher-Rekorde|Der Alchemist|Schnelligkeitsrekord|Paulo Coelho schrieb den Weltbestseller in nur zwei Wochen, weil die Geschichte laut eigener Aussage bereits komplett in seiner Seele geschrieben war.|https://wikipedia.org
Zensur & Kuriose Verbote|Alice im Wunderland|Sprechende Tiere|Das Buch wurde 1931 in der chinesischen Provinz Hunan verboten, weil Tiere nicht die Sprache der Menschen benutzen und auf dieselbe Stufe gestellt werden sollten.|https://wikipedia.org
Zensur & Kuriose Verbote|Tarzan|Wilde Ehe|In den 1930er Jahren wurde die Buchreihe in einigen US-Bibliotheken verboten, weil Tarzan und Jane im Dschungel lebten, ohne offiziell verheiratet zu sein.|https://wikipedia.org
Entstehungsgeschichten|Frankenstein|Urlaubswette|Mary Shelley erfand die Geschichte von Frankenstein bei einem Urlaub am Genfer See, als Lord Byron zu einem Gruselgeschichten-Wettbewerb aufrief.|https://bookophile.com
Entstehungsgeschichten|Dracula|Albtraum nach Krabben|Bram Stoker bekam die Idee zu Dracula nach einem nächtlichen Albtraum, den er auf den Verzehr von zu viel verdorbenem Krabbenfleisch zurückführte.|https://wikipedia.org
Entstehungsgeschichten|Peter Pan|Rechte-Schenkung|Der Autor J.M. Barrie vermachte alle Rechte an Peter Pan dem Great Ormond Street Kinderkrankenhaus in London, das bis heute von den Tantiemen profitiert.|https://wikipedia.org
Pseudonyme|J.K. Rowling|Männlicher Name|Robert Galbraith ist das Pseudonym von J.K. Rowling für ihre Kriminalromane, um die Bücher ohne den Harry-Potter-Hype bewerten zu lassen.|https://wikipedia.org
Pseudonyme|Stephen King|Richard Bachman|King veröffentlichte Bücher als Richard Bachman, um zu testen, ob sein Erfolg am Talent oder nur an seinem berühmten Namen lag.|https://wikipedia.org
Titel & Verlage|Harry Potter|Abgewiesen|Das Manuskript zum ersten Harry-Potter-Band wurde von insgesamt 12 Verlagen abgelehnt, bevor ein kleiner Londoner Verlag zusagte.|https://wikipedia.org
Titel & Verlage|Moby Dick|Zwiebeln|Der erste Entwurf von Herman Melvilles Meisterwerk trug ursprünglich den wenig epischen Arbeitstitel The Whale (Der Wal).|https://wikipedia.org
Titel & Verlage|The Great Gatsby|Alternativtitel|F. Scott Fitzgerald wollte sein Buch ursprünglich »Under the Red, White and Blue« oder »Trimalchio in West Egg« nennen.|https://wikipedia.org
Plagiate & Irrtümer|Sherlock Holmes|Die Deerstalker-Mütze|Arthur Conan Doyle hat in seinen Büchern nie geschrieben, dass Holmes eine Deerstalker-Mütze (Jagdmütze) trägt. Das erfand erst ein Illustrator der Magazine.|https://wikipedia.org
Autoren-Macken|Maya Angelou|Hotelzimmer-Schreiben|Die Autorin mietete zum Schreiben immer ein anonymes Hotelzimmer, ließ alle Bilder von den Wänden nehmen und verlangte, dass niemand das Zimmer betritt.|https://upworthy.com
Autoren-Macken|Virginia Woolf|Schreiben im Stehen|Woolf schrieb viele ihrer Romane an einem fast einen Meter hohen Stehpult, weil sie sich ihrer Schwester (einer Malerin, die im Stehen arbeitete) ebenbürtig fühlen wollte.|https://wikipedia.org
Autoren-Macken|Edgar Allan Poe|Schriftrollen-Format|Poe schrieb seine Geschichten oft auf schmale Papierstreifen, die er mit Siegelwachs zu einer einzigen, langen Rolle zusammenklebte.|https://wikipedia.org
Bücher-Rekorde|Les Misérables|Die kürzeste Telegramm-Kritik|Victor Hugo telegraphierte seinem Verleger nur ein Fragezeichen um zu wissen, wie sich das Buch verkauft. Der Verleger antwortete ebenso kurz mit einem Ausrufezeichen.|https://wikipedia.org
Bücher-Rekorde|Guinness-Buch|Am häufigsten gestohlen|Das Guinness-Buch der Rekorde hält selbst den Rekord als das am häufigsten aus öffentlichen Leihbibliotheken gestohlene Buch der Welt.|https://wikipedia.org
Zensur & Kuriose Verbote|Die Mitteilung|Abbruch-Statistik|Laut E-Reader-Statistiken verliert der Durchschnittsleser, wenn er das Interesse an einem Buch verliert, exakt auf Seite 18 die Lust.|https://wikipedia.org
Entstehungsgeschichten|A Christmas Carol|Geldsorgen|Charles Dickens schrieb die Weihnachtsgeschichte in nur sechs Wochen unter massivem finanziellem Druck, um dringende Schulden zu begleichen.|https://wikipedia.org
Entstehungsgeschichten|1984|Alternativtitel|George Orwells Dystopie sollte ursprünglich den titel »The Last Man in Europe« (Der letzte Mensch in Europa) tragen.|https://wikipedia.org
Titel & Verlage|Die Chroniken von Narnia|C.S. Lewis|Lewis wurde von seinen Kritikern und Verleger-Freunden (darunter J.R.R. Tolkien) anfangs ausgelacht und gedrängt, die Narnia-Bücher niemals zu veröffentlichen.|https://wikipedia.org
Plagiate & Irrtümer|Frankenstein|Das Monster hat keinen Namen|In Mary Shelleys Roman hat das Monster keinen Namen. Es wird nur als »Die Kreatur« oder »Das Dämonische« bezeichnet, Frankenstein ist der Name des Schöpfers.|https://wikipedia.org
Autoren-Macken|Alexandre Dumas|[Übersetzt] Farb-Codierung|Dumas nutzte für verschiedene Genres unterschiedliche Papierfarben: Seine Romane schrieb er auf blauem, Gedichte auf gelbem und Sachtexte auf rosa Papier.|https://wikipedia.org
Autoren-Macken|John Steinbeck|[Übersetzt] Bleistift-Verschleiß|Steinbeck schrieb seine Romane ausschließlich mit Bleistiften. Für das Schreiben von »Jenseits von Eden« verbrauchte er exakt 300 Bleistifte.|https://wikipedia.org
Autoren-Macken|Dan Brown|[Übersetzt] Inversionstherapie|Dan Brown bekämpft Schreibblockaden mit »Inversionstherapie«: Er hängt sich in speziellen Gravitationsstiefeln kopfüber an eine Stange, um die Blutzirkulation im Gehirn anzuregen.|https://wikipedia.org
Autoren-Macken|James Joyce|[Übersetzt] Riesen-Stifte|Da Joyce im Alter fast blind war, schrieb es seine Manuskripte mit dicken, farbigen Buntstiften auf riesigen Pappkartons, während er im Bett lag.|https://wikipedia.org
Autoren-Macken|Mark Twain|[Übersetzt] Erfinder des Bettschreibens|Twain schrieb fast alle seine großen Werke im Bett liegend. Er behauptete, dass Sitzen seiner Konzentration schade.|https://wikipedia.org
Bücher-Rekorde|Die Bibel|[Übersetzt] Meistverkauftes Buch|Mit geschätzten 5 bis 7 Milliarden verkauften Exemplaren weltweit ist die Bibel das unangefochten meistverkaufte Buch der Menschheitsgeschichte.|https://wikipedia.org
Bücher-Rekorde|Don Quijote|[Übersetzt] Meistverkaufter Roman|Miguel de Cervantes' »Don Quijote« gilt mit geschätzten 500 Millionen Verkäufen als der meistverkaufte belletristische Einzelroman aller Zeiten.|https://wikipedia.org
Bücher-Rekorde|A Tale of Two Cities|[Übersetzt] Englischer Spitzenreiter|Charles Dickens' Roman »A Tale of Two Cities« ist mit über 200 Millionen verkauften Exemplaren der erfolgreichste englischsprachige Einzelroman.|https://wikipedia.org
Bücher-Rekorde|Agatha Christie|[Übersetzt] Meistverkaufte Autorin|Christie ist laut Guinness-Buch die meistverkaufte Romanautorin der Geschichte, ihre Werke wurden über 2 Milliarden Mal verkauft.|https://wikipedia.org
Zensur & Kuriose Verbote|Die Farbe Lila|[Übersetzt] Zu brutal|Alice Walkers Roman wurde in zahlreichen US-Schulen verboten, da Kritiker die Darstellung von sozialer Realität und ethnischer Konflikte als »zu verstörend« einstuften.|https://wikipedia.org
Zensur & Kuriose Verbote|Mausefalle|[Übersetzt] Verbotenes Spoilern|Das Theaterstück von Agatha Christie verbietet den Zuschauern per Vertrag nach der Vorstellung traditionell, die Identität des Mörders im Internet oder an Freunde zu verraten.|https://wikipedia.org
Entstehungsgeschichten|Moby Dick|[Übersetzt] Widmung an Hawthorne|Herman Melville überarbeitete Moby Dick komplett, nachdem er Nathaniel Hawthorne kennenlernte. Er widmete ihm das Buch schließlich aus tiefer Bewunderung.|https://wikipedia.org
Entstehungsgeschichten|Tarzan|[Übersetzt] Nie im Dschungel|Der Autor Edgar Rice Burroughs hatte zum Zeitpunkt des Schreibens von Tarzan noch nie in seinem Leben einen echten afrikanischen Dschungel betreten.|https://wikipedia.org
Entstehungsgeschichten|Das Dschungelbuch|[Übersetzt] Für die Tochter|Rudyard Kipling schrieb die Kurzgeschichten für seine älteste Tochter Josephine, die tragischerweise im Alter von nur sechs Jahren an einer Lungenentzündung starb.|https://wikipedia.org
Pseudonyme|Stephen King|[Übersetzt] Entlarvung im Laden|Ein findiger Buchladen-Mitarbeiter entlarvte Kings Pseudonym Richard Bachman, weil er literarische Parallelen bemerkte und die Verlagsdokumente prüfte.|https://wikipedia.org
Pseudonyme|Mark Twain|[Übersetzt] Flussgänger-Begriff|Der Name Mark Twain ist ein Pseudonym für Samuel Langhorne Clemens und stammt aus der Flussschifffahrt, wo es eine Wassertiefe von zwei Faden (ca. 3,6 Meter) markiert.|https://wikipedia.org
Titel & Verlage|Der Große Gatsby|[Übersetzt] Flop zu Lebzeiten|Als F. Scott Fitzgerald 1940 starb, galt das Buch als kommerzieller Misserfolg. Erst im Zweiten Weltkrieg wurde es durch Gratis-Militärausgaben zum Klassiker.|https://wikipedia.org
Plagiate & Irrtümer|Robinson Crusoe|[Übersetzt] Realer Seemann|Daniel Defoes weltberühmter Roman basierte fast vollständig auf den echten Überlebensberichten des schottischen Seemanns Alexander Selkirk.|https://wikipedia.org
Sci-Fi|Neuromancer|[Übersetzt] Auf Schreibmaschine verfasst|William Gibson prägte in Neuromancer den Begriff Cyberspace, tippte das gesamte, technikweisende Meisterwerk jedoch auf einer antiken, mechanischen Schreibmaschine von 1927.|https://wikipedia.org
Sci-Fi|Fahrenheit 451|[Übersetzt] Auf Münz-Schreibmaschine getippt|Ray Bradbury schrieb die erste Fassung des Romans im Keller einer Bibliothek auf einer Miet-Schreibmaschine, in die er alle 30 Minuten zehn Cent einwerfen musste.|https://wikipedia.org
Sci-Fi|Das Portal|[Übersetzt] Vorhersage von Kreditkarten|Edward Bellamy beschrieb in seinem utopischen Science-Fiction-Roman Ein Rückblick aus dem Jahr 1888 das Prinzip von universellen Kreditkarten, lange bevor sie erfunden wurden.|https://wikipedia.org
Sci-Fi|Per Anhalter durch die Galaxis|[Übersetzt] Idee im betrunkenen Zustand|Douglas Adams kam auf die Idee für das Buch, als er betrunken auf einem Feld in Innsbruck (Österreich) lag, in den Sternenhimmel schaute und einen Reiseführer für Europa hielt.|https://wikipedia.org
Sci-Fi|Frankenstein|[Übersetzt] Erster Sci-Fi-Roman|Mary Shelleys Frankenstein von 1818 wird von vielen Literaturwissenschaftlern als der allererste echte Science-Fiction-Roman der Menschheit eingestuft.|https://wikipedia.org
Sci-Fi|Die Zeitmaschine|[Übersetzt] Begriffserfindung|H.G. Wells erfand mit seinem Roman von 1895 den eigentlichen Begriff Zeitmaschine (Time Machine). Vorher gab es in der Literatur keine feste Bezeichnung für solche Apparate.|https://wikipedia.org
Sci-Fi|2001: Odyssee im Weltraum|[Übersetzt] Buch und Film parallel|Arthur C. Clarke schrieb den Roman parallel zum Drehbuch für Stanley Kubricks Film. Das Buch erschien kurz nach dem Kinostart und klärte viele absichtlich kryptische Filmszenen auf.|https://wikipedia.org
Sci-Fi|Dune|[Übersetzt] Inspiriert von Sanddünen|Frank Herbert kam auf die Idee zu Dune, weil er als Journalist einen Artikel über die Kontrolle von wandernden Sanddünen in Oregon schreiben sollte und von der Ökologie fasziniert war.|https://wikipedia.org
Sci-Fi|Ich, der Roboter|[Übersetzt] Die drei Gesetze|Isaac Asimov erfand in seinen Geschichten die Drei Gesetze der Robotik, die bis heute in der realen KI-Forschung und Philosophie als ethische Diskussionsgrundlage genutzt werden.|https://wikipedia.org
Sci-Fi|Starship Troopers|[Übersetzt] Exoskelett-Pionier|Robert A. Heinlein beschrieb in diesem Roman von 1959 erstmals das Konzept von motorisierten Kampf-Exoskeletten (Mechs), was die moderne Popkultur massiv beeinflusste.|https://wikipedia.org
Sci-Fi|1984|[Übersetzt] Im Sterbebett vollendet|George Orwell schrieb den dystopischen Meilenstein unter extremen körperlichen Qualen auf der abgelegenen schottischen Insel Jura, während er an schwerer Tuberkulose litt.|https://wikipedia.org
Sci-Fi|Der Marsianer|[Übersetzt] Ursprünglich ein Gratis-Blog|Andy Weir veröffentlichte die Kapitel von Der Marsianer zuerst kostenlos auf seiner Website. Erst als Leser nach einer Kindle-Version verlangten, stellte er es für 99 Cent online.|https://wikipedia.org
Sci-Fi|Snow Crash|[Übersetzt] Metaverse-Ursprung|Der Autor Neal Stephenson erfand in diesem Cyberpunk-Roman von 1992 den Begriff Metaverse sowie die digitale Nutzung des Begriffs Avatar für virtuelle Identitäten.|https://wikipedia.org
Sci-Fi|Die Triffids|[Übersetzt] Albtraum beim Camping|John Wyndham kam auf die Idee für die menschenfressenden, laufenden Pflanzen, als er nachts beim Camping im Wind wehende Büsche beobachtete, die wie wandernde Kreaturen wirkten.|https://wikipedia.org
Sci-Fi|Die Foundation-Trilogie|[Übersetzt] Inspiriert vom Römischen Reich|Isaac Asimov basierte seine gigantische galaktische Imperiums-Saga auf dem historischen Geschichtswerk Über den Niedergang des Römischen Reiches von Edward Gibbon.|https://wikipedia.org
Sci-Fi|Solaris|[Übersetzt] Streit mit Regisseur|Stanislaw Lem war so unzufrieden mit Andrei Tarkowskis berühmter Film-Adaption seines Buches, dass er den Regisseur bei einem Treffen in Moskau wütend als Dummkopf bezeichnete.|https://wikipedia.org
Sci-Fi|Ready Player One|[Übersetzt] DeLorean-Gewinnspiel|Zur Promotion des Buches versteckte Ernest Cline ein Easter Egg im Text. Der Leser, der das Rätsel als Erster löste, gewann einen echten, umgebauten DeLorean.|https://wikipedia.org
Sci-Fi|Vorteil McCaffrey|[Übersetzt] Erste Frau im Sci-Fi-Olymp|Anne McCaffrey war mit ihrer Drachenreiter von Pern-Saga 1968 die allererste Frau, die jemals die renommierten Science-Fiction-Preise Hugo Award und Nebula Award gewann.|https://wikipedia.org
Sci-Fi|20.000 Meilen unter dem Meer|[Übersetzt] U-Boot-Spezifikationen|Jules Verne beschrieb die Nautilus 1870 so detailliert und physikalisch plausibel, dass Ingenieure moderner Elektro-U-Boote sich Jahrzehnte später auf seine Visionen berufen konnten.|https://wikipedia.org
Sci-Fi|R.U.R.|[Übersetzt] Erfindung des Wortes Roboter|Karel Capek führte in diesem Science-Fiction-Theaterstück von 1920 das Wort Roboter in die Weltliteratur ein. Es leitet sich vom slawischen Wort robota für Zwangsarbeit ab.|https://wikipedia.org.